category,date,title,description,article_url,image_link
oceans,2024-04-17,Oklahoma boy's pet octopus is TikTok sensation: 'Wildlife is magnificent',"An Oklahoma boy with a precocious passion for marine biology adopted an octopus after years of begging. The octopus, named Terrance, recently had dozens of babies.",/lifestyle/oklahoma-boys-pet-octopus-tiktok-sensation-wildlifewmagnificent,https://a57.foxnews.com/static.foxnews.com/foxnews.com/content/uploads/2024/04/348/196/AP24106707484305.jpg?ve=1&tl=1
oceans,2024-04-16,Greece proposes 2 marine parks as part of $830M environmental protection program,"Greece has proposed a plan to create two large marine parks as part of an $830 million program to protect marine ecosystems, drawing criticism from Turkey.",/world/greece-proposes-2-marine-parks-830m-environmental-protection-program,https://a57.foxnews.com/static.foxnews.com/foxnews.com/content/uploads/2024/04/348/196/Greece-Ocean.jpg?ve=1&tl=1
oceans,2024-04-16,"Coral reefs around the world are experiencing mass bleaching in warming oceans, scientists say","Coral reefs around the world are experiencing global bleaching for the fourth time due to prolonged warming of the oceans, according to reef scientists.",/science/coral-reefs-world-experiencing-mass-bleaching-warming-oceans-scientists-say,https://a57.foxnews.com/static.foxnews.com/foxnews.com/content/uploads/2024/04/348/196/Bleached-Coral.jpg?ve=1&tl=1
oceans,2024-04-13,"Florida girl, 12, hooks multiple fishing records in a few short months: 'On a roll'","Julia Bernstein, 12, set at least four different fishing records in Florida since January and will be awarded the Fleming Species Award. One of Julia's world records is pending.",/lifestyle/florida-girl-12-hooks-multiple-fishing-records-few-short-months-on-a-roll,https://a57.foxnews.com/static.foxnews.com/foxnews.com/content/uploads/2024/04/348/196/Julia-Bernstein-fishing-record-split.jpg?ve=1&tl=1
oceans,2024-04-04,Georgia group and others release 34 rehabilitated sea turtles into ocean after reptiles regained their health,Organizations worked to re-release 34 sea turtles into the ocean after spending months nursing them back to health given their poor conditions last winter.,/lifestyle/georgia-group-others-release-34-rehabilitated-sea-turtles-ocean-reptiles-regain-health,https://a57.foxnews.com/static.foxnews.com/foxnews.com/content/uploads/2024/04/348/196/Sea-Turtle-Release_5627.jpg?ve=1&tl=1
oceans,2024-04-04,Thirty-four sea turtles return to the ocean in Georgia after rehabilitating for months,A few dozen sea turtles were released back into the ocean after going through rehabilitation programs over the last few months. The turtles were taken to Jekyll Island in Georgia for the big moment.,https://www.foxnews.com/video/6350277551112,https://a57.foxnews.com/cf-images.us-east-1.prod.boltdns.net/v1/static/694940094001/27a90c1e-1044-4c8f-8425-5563d075ca28/e0482def-5974-4f4d-b146-1c2700869a7b/1280x720/match/348/196/image.jpg?ve=1&tl=1
oceans,2024-04-04,"Orca calf stranded in Canadian lagoon to be airlifted and reunited with family, rescuers say","Authorities in Canada are organizing an operation to airlift a stranded orca calf from a remote tidal lagoon off northern Vancouver Island, officials say.",/world/orca-calf-stranded-canadian-lagoon-airlifted-reunited-family-rescuers-say,https://a57.foxnews.com/static.foxnews.com/foxnews.com/content/uploads/2024/04/348/196/Canada-Orca.jpg?ve=1&tl=1
oceans,2024-04-01,West Coast whale population recovers 5 years after hundreds washed up ashore,The population numbers of gray whales are increasing years after hundreds washed up dead on West Coast beaches in 2019; the 'unusual mortality event' has ended.,/us/west-coast-whale-population-recovers-5-years-hundreds-washed-ashore,https://static.foxnews.com/foxnews.com/content/uploads/2024/04/Pacific-Gray-Whales.gif
oceans,2024-04-01,Tourists spot dolphin backflipping in the ocean,"A backflipping dolphin was seen jumping through the air while tourists watched on a nearby tour in Monterey Bay, California. See the dolphin flip with a humpback whale lurking nearby!",https://www.foxnews.com/video/6350091176112,https://a57.foxnews.com/cf-images.us-east-1.prod.boltdns.net/v1/static/694940094001/63edaa50-dead-4d54-99a9-da5fefab02f7/7ee13f0c-af32-48ab-b582-b9610be530a3/1280x720/match/348/196/image.jpg?ve=1&tl=1
oceans,2024-03-31,"US asks fishermen to save WWII warship, historic wrecks by protecting underwater 'time capsules'","NOAA asked fishermen and boaters to steer clear of historic shipwrecks in a protected sanctuary off the coast of Massachusetts to preserve the underwater ""time capsules""",/us/us-asks-fishermen-save-wwii-warship-historic-wrecks-protecting-underwater-time-capsules,https://a57.foxnews.com/static.foxnews.com/foxnews.com/content/uploads/2024/03/348/196/shipwreck-3.jpg?ve=1&tl=1
oceans,2024-03-29,"California safeguard protecting beachgoers from sharks on life support, expert warns",A renowned shark research center in Southern California may shut down after the state pulled integral funding for a program that provides lifeguards safeguards against attacks.,/us/california-safeguard-protecting-beachgoers-sharks-life-support-expert-warns,https://a57.foxnews.com/static.foxnews.com/foxnews.com/content/uploads/2024/01/348/196/gws-out-of-the-water.jpg?ve=1&tl=1
oceans,2024-03-27,Whale of a lawsuit threatens to swallow up Biden green energy agenda,Three conservative groups are suing the Biden administration to stop what they claim would be the largest wind energy project in the world.,/politics/whale-lawsuit-threatens-swallow-up-biden-green-energy-agenda,https://a57.foxnews.com/static.foxnews.com/foxnews.com/content/uploads/2023/09/348/196/whale-breaching.jpg?ve=1&tl=1
oceans,2024-03-25,Florida beachgoer wrangles shark caught on fishing rod: video,A 7.5-foot-long shark was recently caught on a fishing rod at a Florida beach. Social media video shows the incident at Miramar Beach near Destin.,/lifestyle/florida-beachgoer-wrangles-shark-caught-fishing-rod-video,https://a57.foxnews.com/static.foxnews.com/foxnews.com/content/uploads/2024/03/348/196/fl-shark-fishing-rod-2.png?ve=1&tl=1
oceans,2024-03-21,Florida vacationers beware! Great white shark named 'Penny' circling warm waters,Florida vacationers should be wary after an ocean organization said that a 10-foot great white shark pinged off the coast of the Sunshine State this week.,/lifestyle/florida-vacationers-beware-great-white-shark-named-penny-circling-warm-waters,https://a57.foxnews.com/static.foxnews.com/foxnews.com/content/uploads/2023/07/348/196/Great-white-shark.jpg?ve=1&tl=1
oceans,2024-03-20,"3 great white sharks ping near Georgia, South Carolina coasts: 'It's moving days'","Researchers this week said three great white sharks, two adults and a juvenile, pinged off the coasts of Georgia and South Carolina.",/lifestyle/three-great-white-sharks-ping-georgia-south-caolina-its-moving-days,https://a57.foxnews.com/static.foxnews.com/foxnews.com/content/uploads/2024/01/348/196/large-gws.jpg?ve=1&tl=1
oceans,2024-03-20,Baby seal in New Hampshire found trapped between rocks: 'Couldn't climb out',A young seal lay trapped between rocks near the water at Odiorne Point State Park in New Hampshire — until a passerby alerted authorities to the wild animal's plight. Here's what happened.,/lifestyle/baby-seal-new-hampshire-found-trapped-rocks-couldnt-climb-out,https://a57.foxnews.com/static.foxnews.com/foxnews.com/content/uploads/2024/03/348/196/baby-seal-rescu-1158031.jpg?ve=1&tl=1
oceans,2024-03-18,Bill Hemmer visits the USS Hampton in the Arctic Ocean,"‘America’s Newsroom’ co-anchor Bill Hemmer traveled to the Arctic to spend 24-hours aboard the USS Hampton, a Los-Angeles-class nuclear submarine, learning about the lives and mission of its crew.",https://www.foxnews.com/video/6349196093112,https://a57.foxnews.com/cf-images.us-east-1.prod.boltdns.net/v1/static/694940094001/ab659803-f08a-48df-839e-e22f062fd09c/357174f0-ad9d-4046-95af-f796610de7c2/1280x720/match/348/196/image.jpg?ve=1&tl=1
oceans,2024-03-14,US could authorize Titanic research mission after long legal battle,"The U.S. government is reconsidering a legal challenge against an expedition to the Titanic, which it filed citing a law that treats the shipwreck as a gravesite.",/us/us-authorize-titanic-research-mission-long-legal-battle,https://a57.foxnews.com/static.foxnews.com/foxnews.com/content/uploads/2024/03/348/196/Titanic-Artifacts.jpg?ve=1&tl=1
oceans,2024-03-14,Massachusetts beach town left scrambling after storm washes away $600K in protective sand,"A weekend winter storm in Salisbury, Massachusetts, washed away $600,000 worth of sand that was trucked in to protect homes and infrastructure, officials say.",/us/massachusetts-beach-town-left-scrambling-storm-washes-away-600k-protective-sand,https://a57.foxnews.com/static.foxnews.com/foxnews.com/content/uploads/2024/03/348/196/Salisbury-Beach.jpg?ve=1&tl=1
oceans,2024-03-13,Retired British couple found dead during Caribbean beach vacation,A retired British couple may have drowned while vacationing in the Caribbean after their bodies were found by police on a beach,/world/retired-british-couple-found-dead-caribbean-beach-vacation,https://a57.foxnews.com/static.foxnews.com/foxnews.com/content/uploads/2024/03/348/196/Paradise-Beach-2.jpg?ve=1&tl=1
oceans,2024-03-12,White shark's record-breaking journey offers clues to help the protected species,"LeeBeth, a 14-foot white shark, made history by traveling further into the Gulf of Mexico than any previously tracked white shark. Her journey could provide clues to help the species.",/us/white-sharks-record-breaking-journey-offers-clues-help-protected-species,https://a57.foxnews.com/static.foxnews.com/foxnews.com/content/uploads/2024/03/348/196/White-Shark-Tracking.jpg?ve=1&tl=1
oceans,2024-03-06,"White shark's 2,000-mile journey from South Carolina to Gulf of Mexico makes history: 'She kept charging'","Researchers said that LeeBeth the shark is the furthest west a white shark has been tracked in the Gulf of Mexico, and that the shark's journey was over 2,000 miles.",/lifestyle/white-sharks-two-thousand-mile-journey-south-carolina-gulf-mexico-history-she-kept-charging,https://a57.foxnews.com/static.foxnews.com/foxnews.com/content/uploads/2024/03/348/196/Great-White-Shark-2.jpg?ve=1&tl=1
oceans,2024-03-05,Whale that vanished from Atlantic over 200 years ago spotted off Massachusetts: 'Shouldn't exist',A team of scientists from the New England Aquarium in Boston spotted a rare gray whale swimming about 30 miles off the coast of Nantucket on Friday.,/science/whale-vanished-atlantic-years-ago-spotted-massachusetts-exist,https://a57.foxnews.com/static.foxnews.com/foxnews.com/content/uploads/2024/03/348/196/Gray-Whale-3.jpg?ve=1&tl=1
oceans,2024-03-05,"Baby right whale dies after ship collision, fewer than 360 remain alive","The first baby North Atlantic right whale of the year has been found dead from a ship collision. Environmental groups demand protections for the whales, of which fewer than 360 remain.",/us/baby-right-whale-dies-after-ship-collision-fewer-360-remain-alive,https://a57.foxnews.com/static.foxnews.com/foxnews.com/content/uploads/2024/03/348/196/Scarred-North-Atlantic-Right-Whale.jpg?ve=1&tl=1
oceans,2024-03-04,Two whales wash up in Virginia Beach within days of each other: report,"Two whales have washed up along the coastline of Virginia Beach, Virginia, within two days of each other, with the latest happening near Sandbridge and False Cape State Park.",/science/two-whales-wash-up-virginia-beach-days-each-other-report,https://a57.foxnews.com/static.foxnews.com/foxnews.com/content/uploads/2024/03/348/196/Virginia-Beach-Whale-Team.jpg?ve=1&tl=1
oceans,2024-03-01,"US lobster industry grapples climate change, whale protection regulations as catches drop","The lobster fishing industry in America, primarily based in Maine, has faced challenges leading to a decline in catch. Factors include changing ocean conditions.",/us/us-lobster-industry-grapples-climate-change-whale-protection-regulations-catches-drop,https://a57.foxnews.com/static.foxnews.com/foxnews.com/content/uploads/2024/03/348/196/Maine-Lobster.jpg?ve=1&tl=1
oceans,2024-02-28,Environmental concerns mount as Trinidad oil spill reportedly reaches beaches hundreds of miles away,"An offshore oil spill near Trinidad and Tobago, which led to a national emergency declaration, has now reached the shores of Bonaire in the Dutch Caribbean.",/world/environmental-concerns-mount-trinidad-oil-spill-reportedly-reaches-beaches-hundreds-miles-away,https://a57.foxnews.com/static.foxnews.com/foxnews.com/content/uploads/2024/02/348/196/Oil-Spill.jpg?ve=1&tl=1
oceans,2024-02-22,"Whale dies after straying into Osaka Bay, Japanese officials confirm","A nearly 40-foot whale has died after straying into a port in Japan's Osaka Bay, marking the third year in a row that whales have become stranded in the area.",/world/whale-dies-straying-osaka-bay-japanese-officials-confirm,https://a57.foxnews.com/static.foxnews.com/foxnews.com/content/uploads/2023/12/348/196/Sperm-Whales.jpg?ve=1&tl=1
oceans,2024-02-21,Somalia and Turkey strike defense deal to deter Ethiopia's access to sea through breakaway region,"Somalia has announced a defense deal with Turkey, focusing on improving maritime capabilities to counter Ethiopia's moves in Somaliland, officials say.",/world/somalia-turkey-strike-defense-deal-deter-ethiopias-access-sea-breakaway-region,https://a57.foxnews.com/static.foxnews.com/foxnews.com/content/uploads/2024/02/348/196/Somalia-Statue.jpg?ve=1&tl=1
oceans,2024-02-21,Coast Guard launches whale sighting alerts in Seattle so boats will steer clear,The Coast Guard has launched a program to alert vessels of whale sightings in Washington state's Salish Sea in an effort to keep the whales safe from boat strikes and noise.,/us/coast-guard-launches-whale-sighting-alerts-seattle-boats-steer-clear,https://a57.foxnews.com/static.foxnews.com/foxnews.com/content/uploads/2024/02/348/196/Whale-Alerts-Coast-Guard.jpg?ve=1&tl=1
oceans,2024-02-20,Tahiti faces unprecedented challenges as hundreds set to descend on island for Olympic surfing,"The world-famous surf spot of Teahupo'o in Tahiti, French Polynesia, is facing unprecedented challenges as it prepares to host the 2024 Paris Olympics surfing competition.",/world/tahiti-faces-unprecedented-challenges-hundreds-set-descend-island-olympic-surfing,https://a57.foxnews.com/static.foxnews.com/foxnews.com/content/uploads/2024/02/348/196/Tahiti-Coral.jpg?ve=1&tl=1
oceans,2024-02-17,A mysterious sound is plaguing a Florida neighborhood. This mom is trying to get to the bottom of it,"A Florida mom of three, Sara Healy, launched an investigation to solve the mystery of a puzzling deep bass sound that has rattled her community for years.",/science/mysterious-sound-plaguing-florida-neighborhood-mom-trying-get-bottom,https://a57.foxnews.com/static.foxnews.com/foxnews.com/content/uploads/2024/02/348/196/tampa-thumn.jpg?ve=1&tl=1
oceans,2024-02-16,"Kim Jong Un draws red line at sea, renews promise to fire on South Korean ship 'that violates even 0.001mm'",North Korean dictator Kim Jong Un told military officials to be prepared to fire without hesitation or warning on any South Korean vessel that crosses its maritime borders.,/world/kim-jong-un-draws-red-line-sea-renews-promise-fire-south-korean-ship-violates-even-0-001mm,https://a57.foxnews.com/static.foxnews.com/foxnews.com/content/uploads/2024/01/348/196/kim-jong-un-points-missile.jpg?ve=1&tl=1
oceans,2024-02-16,North Atlantic right whale found dead off Georgia coast marks second recent death of endangered species,"A young female North Atlantic right whale was found dead off the coast of Georgia, marking the second known death of the rare species in East Coast waters in recent weeks.",/us/north-atlantic-right-whale-dead-off-georgia-coast-second-recent-death-endangered-species,https://a57.foxnews.com/static.foxnews.com/foxnews.com/content/uploads/2024/02/348/196/North-Atlantic-right-whale-carcass.jpg?ve=1&tl=1
oceans,2024-02-15,What is the mysterious noise keeping Florida residents up at night? This scientist has an idea,Frustrated Tampa residents banded together to raise money for a local marine scientist to install microphones to uncover an answer behind a mysterious deep bass sound.,/science/mysterious-noise-keeping-florida-residents-night-scientist-idea,https://static.foxnews.com/foxnews.com/content/uploads/2024/02/ScreenRecording2024-02-15at8.18.21AM-ezgif.com-video-to-gif-converter.gif
oceans,2024-02-15,Authorities accidentally discover submarine containing 4 tons of cocaine while searching for missing fisherman,Colombian and Ecuadorian naval units conducting a search and rescue on Wednesday accidentally found a submarine carrying over 4.5 tons of cocaine along the Pacific coast.,/world/authorities-accidentally-discover-submarine-containing-4-tons-cocaine-searching-missing-fisherman,https://a57.foxnews.com/static.foxnews.com/foxnews.com/content/uploads/2024/02/348/196/Colombia-Cocaine-Submarine-3-e1708015239847.png?ve=1&tl=1
oceans,2024-02-15,Environmental activists sue government to protect whales from ship collisions,Environmental groups are suing the government to force the finalization of ship speed rules which they say are critical to saving the vanishing North Atlantic right whale.,/us/environmental-activists-sue-government-protect-whales-ship-collisions,https://a57.foxnews.com/static.foxnews.com/foxnews.com/content/uploads/2024/02/348/196/Right-Whale-Protection.jpg?ve=1&tl=1
oceans,2024-02-14,Amelia Earhart's family receives shocking call after 'most promising' lead in 86-year-old mystery,"A relative of Amelia Earhart told Fox News Digital that Deep Sea Vision's recent underwater discovery is the ""most promising"" lead in 86 years.",/us/amelia-earhart-family-receives-shocking-call-most-promising-lead-86-year-old-mystery,https://a57.foxnews.com/static.foxnews.com/foxnews.com/content/uploads/2024/01/348/196/Earhart-Photo-2.jpg?ve=1&tl=1
oceans,2024-02-12,North Carolina aquarium astonished after female stingray becomes pregnant with no male stingrays nearby,"Aquarium & Shark Lab by Team ECCO in Hendersonville, North Carolina, has a pregnant stingray that lives in a tank with no males. Experts believe it is reproducing asexually.",/lifestyle/north-carolina-aquarium-astonished-female-stingray-becomes-pregnant-male-stingrays-nearby,https://a57.foxnews.com/static.foxnews.com/foxnews.com/content/uploads/2024/02/348/196/stingray-split-1.png?ve=1&tl=1
oceans,2024-02-07,California beaches close after 8 million gallons of sewage is discharged into Pacific Ocean,California beaches in Long Beach and San Pedro were closed after millions of gallons of sewage were discharged into the ocean.,https://www.foxnews.com/video/6346445091112,https://a57.foxnews.com/cf-images.us-east-1.prod.boltdns.net/v1/static/694940094001/f509f947-2ff9-45a6-a4dc-d3ea2659731c/4b5b6ab2-4d11-4e88-8089-4e308ab0fcbc/1280x720/match/348/196/image.jpg?ve=1&tl=1
oceans,2024-02-04,Ocean exploration company's possible proof of Amelia Earhart's wrecked plane nearly vanished: report,"An ocean exploration that believes it found the wreckage of Amelia Earhart's airplane about 16,000 feet below the surface of the Pacific Ocean nearly lost the images.",/lifestyle/ocean-exploration-companys-proof-amelia-earharts-wrecked-plane-vanished-report,https://a57.foxnews.com/static.foxnews.com/foxnews.com/content/uploads/2024/01/348/196/earhardt-plane.png?ve=1&tl=1
oceans,2024-01-28,Ocean exploration company believes it may have found Amelia Earhart's wrecked plane: 'We're all hopeful',"Deep Sea Vision, an ocean exploration company based in South Carolina, believes it may have found the plane that Amelia Earhart died in in 1937, capturing it on sonar.",/lifestyle/ocean-exploration-company-believes-found-amelia-earharts-wrecked-plane-hopeful,https://a57.foxnews.com/static.foxnews.com/foxnews.com/content/uploads/2024/01/348/196/earhardt-plane.png?ve=1&tl=1
oceans,2024-01-26,North Carolina sea turtles are dying en masse due to plunging temperatures,"The North Carolina State University Center for Marine Sciences and Technology took in 109 sea turtles stunned by frigid temperatures from Cape Lookout, but only 36 survived.",/us/north-carolina-sea-turtles-dying-en-masse-due-plunging-temperatures,https://a57.foxnews.com/static.foxnews.com/foxnews.com/content/uploads/2024/01/348/196/Cold-Stunned-Sea-Turtles.jpg?ve=1&tl=1
oceans,2024-01-23,Largest deep-sea coral reef mapped off East Coast: 'Breathtaking in scale',"The largest deep-sea coral reef to date was mapped off the U.S. Atlantic coast. It not only provides benefits to sea life, but humans and planet Earth, as well.",/science/largest-deep-sea-coral-reef-mapped-off-east-coast-breathtaking-in-scale,https://a57.foxnews.com/static.foxnews.com/foxnews.com/content/uploads/2024/01/348/196/coral-reef-3.jpg?ve=1&tl=1
oceans,2024-01-20,"European anger over deep-sea mining push despite urge for energy independence from China, Russia",Norway approved the measure in a bid to expand its energy operations as lawmakers seek to increase independence from foreign resources and investments.,/world/european-anger-deep-sea-mining-push-urge-energy-independence-china-russia,https://a57.foxnews.com/static.foxnews.com/foxnews.com/content/uploads/2024/01/348/196/GettyImages-1912167753.jpg?ve=1&tl=1
oceans,2024-01-20,Georgia tween with spina bifida meets adopted sea turtle with matching disability: ‘Felt a connection',"12-year-old Kendall Barfield and her adopted green sea turtle, Bandit, share a common disability. The young girl reflects on what it was like to meet her turtle for the first time.",/lifestyle/georgia-tween-spina-bifida-meets-adopted-sea-turtle-matching-disability-felt-connection,https://a57.foxnews.com/static.foxnews.com/foxnews.com/content/uploads/2024/01/348/196/Kendall-Bandit-2.jpg?ve=1&tl=1
oceans,2024-01-11,US Virgin Islands to build artificial reef to bolster coastal defense against future storms,The U.S. Virgin Islands is set to construct its first artificial reef near the coast of St. Thomas to enhance coastal protection and resilience against future storms.,/us/us-virgin-islands-build-artificial-reef-bolster-coastal-defense-against-future-storms,https://a57.foxnews.com/static.foxnews.com/foxnews.com/content/uploads/2024/01/348/196/Virgin-Islands.jpg?ve=1&tl=1
oceans,2024-01-06,Maryland beach discovery believed to be from 19th century ship,"A large piece of driftwood washed up on a Maryland beach has historical significance, with experts believing that the wood is believed to be part of a 19th Century ship.",/lifestyle/maryland-beach-discovery-believed-be-19th-century-ship,https://a57.foxnews.com/static.foxnews.com/foxnews.com/content/uploads/2024/01/348/196/wood1.jpg?ve=1&tl=1
oceans,2024-01-06,Where to have up-close encounters with exotic animals across America,"Discover diverse destinations in the U.S. offering wildlife encounters, from California's zoos to Alaska's wildlife centers. See how visitors can explore nature's wonders.",/lifestyle/exotic-animals-across-america,https://a57.foxnews.com/static.foxnews.com/foxnews.com/content/uploads/2023/05/348/196/Yellowstone.jpg?ve=1&tl=1
oceans,2024-01-03,Hawaii families preserve sacred salt making tradition at state's last remaining salt patches,"The process of making salt from sea water on the island of Kauai is a traditional, labor-intensive practice passed down through Native Hawaiian families for centuries.",/us/hawaii-families-preserve-sacred-salt-making-tradition-states-last-remaining-salt-patches,https://a57.foxnews.com/static.foxnews.com/foxnews.com/content/uploads/2024/01/348/196/Salt-forming.jpg?ve=1&tl=1
oceans,2023-12-29,Wild California video shows beachgoers fleeing rogue wave,"A wild video shows the chaotic moment when a rogue wave crashes into a wall in Ventura, California, sending onlookers scrambling to safety and causing injuries to eight people",/us/wild-california-video-shows-beachgoers-fleeing-rogue-wave,https://a57.foxnews.com/static.foxnews.com/foxnews.com/content/uploads/2023/12/348/196/Wild-wave-california.jpg?ve=1&tl=1
oceans,2023-12-28,Juvenile sperm whale 'in poor health' euthanized after stranding on North Carolina beach,"A juvenile sperm whale was euthanized after stranding on a North Carolina beach near Jennette’s Pier in Nags Head on Wednesday, according to marine mammal officials.",/us/juvenile-sperm-whale-poor-health-euthanized-stranding-north-carolina-beach,https://a57.foxnews.com/static.foxnews.com/foxnews.com/content/uploads/2023/12/348/196/Sperm-Whales.jpg?ve=1&tl=1
oceans,2023-12-25,Scientists suggest exchange with humpback whale could eventually lead humans to communicate with aliens,A group of scientists suggests the same method they used to communicate with a humpback whale could eventually be used by aliens to make contact with humans.,/us/scientists-suggest-exchange-humpback-whale-could-eventually-lead-humans-communicate-aliens,https://a57.foxnews.com/static.foxnews.com/foxnews.com/content/uploads/2023/12/348/196/humpback-whale-in-Alaska.jpg?ve=1&tl=1
oceans,2023-12-15,Fishermen spot perhaps 500 dolphins off the coast of England in shocking video,"Jake Davison, 27, was fishing his regular area off the coast of East Sussex, England, in early December when he spotted approximately 500 dolphins swimming in the ocean. See the video he captured of the animals jumping and swimming together!",https://www.foxnews.com/video/6343200716112,https://a57.foxnews.com/cf-images.us-east-1.prod.boltdns.net/v1/static/694940094001/971617a0-92e7-43c6-823f-04ae26546503/8ab4f2f8-f76c-409e-82f1-10d7d1677859/1280x720/match/348/196/image.jpg?ve=1&tl=1
oceans,2023-12-13,'Mini volcanoes' made of mounds of sand appear scattered on Texas beach,"“Mini volcanoes"" appeared all over a Texas beach on Sunday, covering the sand in strange scattered mounds made of sands, video from the Quintana Beach County Park shows.",/lifestyle/mini-volcanoes-made-mounds-sand-appear-scattered-texas-beach,https://a57.foxnews.com/static.foxnews.com/foxnews.com/content/uploads/2023/12/348/196/a7b096e5-2.jpg?ve=1&tl=1
oceans,2023-12-13,California divers take action against urchins in effort to save vanishing kelp forests,"California volunteer divers are taking part in a pilot project to crush purple urchins, which have contributed to the destruction of 96% of the state's bull kelp forests.",/us/california-divers-take-action-against-urchins-effort-save-vanishing-kelp-forests,https://a57.foxnews.com/static.foxnews.com/foxnews.com/content/uploads/2023/12/348/196/California-Kelp.jpg?ve=1&tl=1
oceans,2023-12-12,"On this day in history, December 12, 1901, Guglielmo Marconi sends first transatlantic radio message","Guglielmo Marconi sent the first transatlantic radio transmission on Dec. 12, 1901, ushering in an era of communications. His invention helped save 700 Titanic passengers.",/lifestyle/this-day-history-dec-12-1901-guglielmo-marconi-sends-first-transatlantic-radio-message,https://a57.foxnews.com/static.foxnews.com/foxnews.com/content/uploads/2022/12/348/196/GettyImages-613459308.jpg?ve=1&tl=1
oceans,2023-12-06,US officials seek increased anchoring distance for ships near undersea pipelines after California oil spill,Federal officials are advising an increase in the distance between undersea pipelines and anchored vessels in Southern California following a 2021 oil spill.,/us/us-officials-seek-increased-anchoring-distance-ships-undersea-pipelines-california-oil-spill,https://static.foxnews.com/foxnews.com/content/uploads/2023/12/Newport-Beach.gif
oceans,2023-12-06,Two women killed in shark attacks in separate incidents,'Extinct or Alive' host Forrest Galante on the attacks and what factors could result in a shark attack turning deadly,https://www.foxnews.com/video/6342456490112,https://a57.foxnews.com/cf-images.us-east-1.prod.boltdns.net/v1/static/694940094001/a6eb95d8-a3ec-4467-982e-276b3e99acf7/c0670a7c-d9a7-4d38-807b-a931f7c0a6a3/1280x720/match/348/196/image.jpg?ve=1&tl=1
oceans,2023-12-05,Norway's agreement to permit Arctic Ocean seabed mining sparks environmental alarm,"Norway's government, along with two major opposition parties, has reached an agreement to open the Arctic Ocean to seabed mineral exploration, officials say.",/world/norways-agreement-permit-arctic-ocean-seabed-mining-sparks-environmental-alarm,https://static.foxnews.com/foxnews.com/content/uploads/2023/12/Deep-Sea-Mining.gif
oceans,2023-12-04,Young mother killed in shark attack near beach in Mexico,"A Mexican mother lost her life in a shark attack while swimming in the Pacific Ocean with her young daughter over the weekend, officials said. The daughter was unharmed.",/world/young-mother-killed-shark-attack-near-beach-mexico,https://a57.foxnews.com/static.foxnews.com/foxnews.com/content/uploads/2023/05/348/196/bull-shark.png?ve=1&tl=1
oceans,2023-12-03,"Massive 1,700-pound white shark tracked just off US coast","The latest movement of a nearly 14-foot white, 1,700 pound great white shark named Mahone has been documented off the coast of Georgia, just south of Savannah.",/us/massive-1700-pound-white-shark-tracked-just-off-u-s-coast,https://a57.foxnews.com/static.foxnews.com/foxnews.com/content/uploads/2023/12/348/196/Mahone-shark.jpg?ve=1&tl=1
oceans,2023-11-29,Mysterious tar balls wash up on New Jersey beaches,The U.S. Coast Guard and local authorities are investigating after they were notified of mysterious tar balls along the popular beaches in the Jersey Shore.,/science/mysterious-tar-balls-wash-new-jersey-beaches,https://a57.foxnews.com/static.foxnews.com/foxnews.com/content/uploads/2023/11/348/196/8e1b67d4-thumb.jpg?ve=1&tl=1
oceans,2023-11-28,"Texas oyster harvests plunge again as climate change and overharvesting threaten industry, officials say",Texas has closed the majority of its public oyster reefs for the second consecutive year due to declining populations caused by climate change and overharvesting.,/us/texas-oyster-harvests-plunge-again-climate-change-overharvesting-threaten-industry,https://static.foxnews.com/foxnews.com/content/uploads/2023/11/Texas-Oyster-Harvest.gif
oceans,2023-11-20,"Video shows US Coast Guard's daring rescue of couple, dog after Florida boat takes on water",A video from a U.S. Coast Guard helicopter shows the daring rescue of a couple and their pup after their boat began to take on water off the coast of Florida.,/us/video-shows-us-coast-guard-daring-rescue-couple-dog-florida-boat-takes-water,https://a57.foxnews.com/static.foxnews.com/foxnews.com/content/uploads/2023/11/348/196/Coast-Gaurd-Split-Photo-2.jpg?ve=1&tl=1
oceans,2023-11-20,"'Chopped' champion on how to prepare jellyfish for consumption, plus the health benefits of the sea jelly","Despite their association with beachside stings, jellyfish hold a treasure trove of health benefits, including heart health and weight management. Here are insights.",/lifestyle/health-benefits-of-eating-jellyfish,https://a57.foxnews.com/static.foxnews.com/foxnews.com/content/uploads/2022/08/348/196/GettyImages-549403571.jpg?ve=1&tl=1
oceans,2023-11-19,Delaware's coastal treasures await exploration,"Delaware's coastline offers an array of captivating beaches with distinct personalities, catering to varied interests with family-friendly amenities and diverse attractions.",/lifestyle/delawares-coastal-treasures,https://a57.foxnews.com/static.foxnews.com/foxnews.com/content/uploads/2023/11/348/196/57e050fb-Beach.jpg?ve=1&tl=1
oceans,2023-11-17,Meet the American who gave the nation our Thanksgiving origin story: Pilgrim Edward Winslow,"Mayflower passenger Edward Winslow wrote the only contemporary account of the Pilgrims' first year in Plymouth, including the story of the first Thanksgiving in 1621.",/lifestyle/meet-american-gave-nation-thanksgiving-origin-story,https://a57.foxnews.com/static.foxnews.com/foxnews.com/content/uploads/2022/11/348/196/ktphoto_211002_0495.jpg?ve=1&tl=1
oceans,2023-11-13,US regulators take action to protect endangered bird by limiting horseshoe crab harvest,Fishing regulators from the Atlantic States Marine Fisheries Commission are taking action to restrict the harvest of female horseshoe crabs in the Delaware Bay.,/us/us-regulators-take-action-protect-endangered-bird-limiting-horseshoe-crab-harvest,https://static.foxnews.com/foxnews.com/content/uploads/2023/11/Horseshoe-Crabs.gif
oceans,2023-11-13,Dominica creates world's first marine reserve for endangered sperm whales,Dominica's government has announced its intent to establish the world's first marine protected area for sperm whales in waters off the island nation's western coast.,/world/dominica-creates-worlds-first-marine-reserve-endangered-sperm-whales,https://a57.foxnews.com/static.foxnews.com/foxnews.com/content/uploads/2023/11/348/196/dominica_whale_mural.jpg?ve=1&tl=1
oceans,2023-11-09,Tiny island forms after undersea volcano erupts off the coast of Japan,"An undersea volcano's eruption off Japan three weeks ago has birthed a tiny new island, although it may not last long. The island is about 328 feet in diameter.",/world/tiny-island-forms-undersea-volcano-erupts-coast-japan,https://a57.foxnews.com/static.foxnews.com/foxnews.com/content/uploads/2023/11/348/196/Japan-island.jpg?ve=1&tl=1
oceans,2023-10-20,Florida road crew unearths unusual find from 1800s in highway,A Florida road crew found a shipwreck — estimated to date back to the 1800s — buried about eight to 10 feet under a highway during routine construction work.,/us/florida-road-crew-unearths-unusual-find-1800s-highway,https://a57.foxnews.com/static.foxnews.com/foxnews.com/content/uploads/2023/10/348/196/florida-shipwreck.jpg?ve=1&tl=1
oceans,2023-10-16,"Underwater photography competition crowns winners among 1,600 photos: See a 3-headed eel pic and more","An underwater photography contest announced the winners after over 1,600 stunning images were submitted. See some of the photos that earned a gold prize.",/lifestyle/underwater-photography-competition-crowns-winners-1600-photos-see-3-headed-eel-pic-more,https://a57.foxnews.com/static.foxnews.com/foxnews.com/content/uploads/2023/10/348/196/from-a-tiny-fis-1081991.jpg?ve=1&tl=1
oceans,2023-10-06,Manatee rescued after it was found stranded on coastal island,"A nearly 11-foot manatee was spotted in coastal waterways near Clearwater, Florida. The Clearwater Marine Aquarium, Florida Fish and Wildlife Conservation Commission and local police helped rescue the animal and safely restored it to open water.",https://www.foxnews.com/video/6338519679112,https://a57.foxnews.com/cf-images.us-east-1.prod.boltdns.net/v1/static/694940094001/7e8a2cc8-6664-4545-8927-a448da2118bb/f30b7e39-a7aa-4baf-a451-2a8f7f4019e0/1280x720/match/348/196/image.jpg?ve=1&tl=1
oceans,2023-10-05,Undersea video of lost WWII aircraft carriers provides new clues about their dramatic last moments,New video footage of three aircraft carriers sunk during the Battle of Midway in 1942 has provided additional insight into the last moments of the doomed ships.,/lifestyle/undersea-video-lost-wwii-aircraft-carriers-provides-clues-last-moments,https://a57.foxnews.com/static.foxnews.com/foxnews.com/content/uploads/2023/10/348/196/AP23264763402317.jpg?ve=1&tl=1
oceans,2023-10-04,Sea turtle with net around its neck is rescued by speedboat tour guide in heroic moment,A sea turtle was spotted with an old fishing net around its neck and body by members of a speedboat tour in Thailand. The heroic civilians stopped to help and set the creature free.,/lifestyle/sea-turtle-net-around-neck-rescued-speedboat-tour-guide-heroic-moment,https://a57.foxnews.com/static.foxnews.com/foxnews.com/content/uploads/2023/10/348/196/c0171fc7-Screenshot-2023-10-04-at-8.52.55-AM.png?ve=1&tl=1
oceans,2023-10-04,Ocean tour guide rescues sea turtle tangled in net,"A speedboat tour guide in Phuket province, Thailand, recently rescued a sea turtle that was tangled in ghost net. The turtle was successfully set free and released back into the water.",https://www.foxnews.com/video/6338377818112,https://a57.foxnews.com/cf-images.us-east-1.prod.boltdns.net/v1/static/694940094001/12b4758b-7be5-4152-906d-13ce87253a6c/14d9c7f0-94a4-4d17-a7ba-3dbc9f8c53bd/1280x720/match/348/196/image.jpg?ve=1&tl=1
oceans,2023-09-30,"Whale capsizes boat leaving 1 person dead, another injured in ‘absolute freak accident’: officials","One man was killed and another was taken to a hospital after their boat capsized in Australia when it was hit by a breaching whale, officials said.",/world/whale-capsizes-boat-leaving-one-person-dead-another-injured-absolute-freak-accident-officials,https://a57.foxnews.com/static.foxnews.com/foxnews.com/content/uploads/2023/09/348/196/whale-breaching.jpg?ve=1&tl=1
oceans,2023-09-30,WATCH: Dolphins rescued from shallow Massachusetts river are returned to ocean,Marine rescuers in Massachusetts rescued and released two dolphins found stranded in the shallow waters in a river on Cape Cod.,/lifestyle/watch-dolphins-rescued-from-shallow-massachusetts-river-returned-ocean,https://a57.foxnews.com/static.foxnews.com/foxnews.com/content/uploads/2023/09/348/196/d3.jpg?ve=1&tl=1
oceans,2023-09-27,Rare octopus seen during deep-sea exploration,"A ""Dumbo"" octopus was spotted during recent deep-sea exploration in Honolulu, Hawaii. The animal was spotted at over 5,000 feet below sea level. The expedition was funded by NOAA Ocean Exploration via the Ocean Exploration Cooperative Institute.",https://www.foxnews.com/video/6337921934112,https://a57.foxnews.com/cf-images.us-east-1.prod.boltdns.net/v1/static/694940094001/4b060722-9df3-4b80-9108-22a027a20149/64c10e81-0416-42aa-ab77-0eb062cda31e/1280x720/match/348/196/image.jpg?ve=1&tl=1
oceans,2023-09-24,Popular southern California beach indefinitely shut down to protect sea lions,Tourists and sea lion activists are reacting to the newly decided indefinite closure of Boomer Beach to Point La Jolla to protect the wild animals that often come ashore.,/us/popular-southern-california-beach-indefinitely-shut-down-protect-sea-lions,https://a57.foxnews.com/static.foxnews.com/foxnews.com/content/uploads/2023/09/348/196/la-jolla-ca-closure-1.jpg?ve=1&tl=1
oceans,2023-09-18,Group of seals spotted near shore after tropical cyclone,"A pod of seals were seen bobbing near a fishing pier in Cape Cod, Massachusetts, as a tropical cyclone approached the area with hurricane-force winds. Check this out!",https://www.foxnews.com/video/6337364937112,https://a57.foxnews.com/cf-images.us-east-1.prod.boltdns.net/v1/static/694940094001/a14e5ad3-459b-45a9-99f1-5f431ac067ed/dabd95ed-21dd-4491-ac11-5c0becbf0062/1280x720/match/348/196/image.jpg?ve=1&tl=1
oceans,2023-09-14,Manatee spotted in Rhode Island saltwater pond is first known New England sighting since 2016,"A manatee was seen in a saltwater pond in Rhode Island, in a rare sighting since the marine mammal does not frequent New England waters.",/us/manatee-spotted-rhode-island-saltwater-pond-first-new-england-sighting-since-2016,https://a57.foxnews.com/static.foxnews.com/foxnews.com/content/uploads/2023/09/348/196/M1.jpg?ve=1&tl=1
oceans,2023-09-13,"Shark bites South Carolina surfer's face at popular Florida beach, officials say","A South Carolina man was reportedly bitten by a shark on a popular Florida beach Tuesday morning, officials confirmed.",/us/shark-bites-south-carolina-surfers-face-popular-florida-beach-officials-say,https://a57.foxnews.com/static.foxnews.com/foxnews.com/content/uploads/2023/09/348/196/Video-1.jpg?ve=1&tl=1
oceans,2023-09-12,Texas health official discusses resident who died from shellfish bacteria at restaurant,Galveston County Local Health Authority Dr. Philip Keiser discussed with FOX 26 Houston a man in his thirties who contracted Vibrio Vulnificus after eating raw oysters at a Texas restaurant. (FOX 26 Houston),https://www.foxnews.com/video/6337045598112,https://a57.foxnews.com/cf-images.us-east-1.prod.boltdns.net/v1/static/694940094001/ba365e21-44e7-4530-bd52-f6ddf9cf2ea1/29f6c914-ffc0-4f13-a9f6-1e8125bb1dd1/1280x720/match/348/196/image.jpg?ve=1&tl=1
oceans,2023-09-08,Mysterious 'golden orb' discovered by researchers on Alaskan seafloor,"The National Oceanic and Atmospheric Administration says researchers have found a “smooth, gold, dome-shaped specimen"" on the Alaskan seafloor that has not been identified.",/science/mysterious-golden-orb-discovered-researchers-alaskan-seafloor,https://a57.foxnews.com/static.foxnews.com/foxnews.com/content/uploads/2023/09/348/196/Golden-Orb-Alaska-1.jpg?ve=1&tl=1
oceans,2023-09-07,Florida girl has 'rocky' experience on Maine beach: See her poignant reaction,"A little girl named Charlie was not impressed with a recent trip to a “rocky, muddy beach” in Bar Harbor, Maine. See her reasoning for wanting “to get out of here!”",https://www.foxnews.com/video/6336740450112,https://a57.foxnews.com/cf-images.us-east-1.prod.boltdns.net/v1/static/694940094001/9a530e78-1013-4ced-94d3-d15eeafc19a7/3a333bd4-1b2f-40f5-ba2f-c097d57345a5/1280x720/match/348/196/image.jpg?ve=1&tl=1
oceans,2023-09-06,3 rescued from boat stranded in Coral Sea after ‘several shark attacks’: Australian authorities,Three men were rescued from the Coral Sea off the coast of Australia after several shark attacks left their boat significantly damaged and partially submerged.,/world/3-rescued-boat-stranded-coral-sea-several-shark-attacks-australian-authorities,https://a57.foxnews.com/static.foxnews.com/foxnews.com/content/uploads/2023/09/348/196/AP23249207253415.jpg?ve=1&tl=1
oceans,2023-09-05,Surf’s up! Man takes pet snake for a ride on his surfboard,A surfer took his pet python snake for a spin on his surfboard in Queensland. See the footage of the surfer and the snake catching waves!,https://www.foxnews.com/video/6336629840112,https://a57.foxnews.com/cf-images.us-east-1.prod.boltdns.net/v1/static/694940094001/948c79c1-95e6-4698-8962-1c1ef6ba43af/4dc0b10e-9d0e-4d49-a942-cd8331ddb687/1280x720/match/348/196/image.jpg?ve=1&tl=1
oceans,2023-09-05,"2 recovering after Labor Day shark bites at same Florida beach, officials say","Three people sustained shark bites during Labor Day weekend in Volusia County, Florida, where red flags for high surf or strong currents were flown.",/us/2-recovering-labor-day-shark-bites-same-florida-beach-officials-say,https://a57.foxnews.com/static.foxnews.com/foxnews.com/content/uploads/2023/03/348/196/Florida-Shark.jpg?ve=1&tl=1
oceans,2023-09-02,Fox Nation takes viewers inside America’s most beautiful lighthouses,"Fox Nation’s Kacie McDonnell Hosmer joins ‘Fox & Friends Weekend’ to discuss the new exclusive documentary, ‘American Lighthouses.’",https://www.foxnews.com/video/6336457064112,https://a57.foxnews.com/cf-images.us-east-1.prod.boltdns.net/v1/static/694940094001/5fd6c436-47bb-4704-8392-d697afd53f05/da353015-ce16-4346-bdb5-415af9e2434c/1280x720/match/348/196/image.jpg?ve=1&tl=1
oceans,2023-08-31,SEE IT! Ocean water glows in the dark,"Beachgoers had a unique experience in Port Lincoln, South Australia, recently as the water on a beach became bioluminescent. See visitors splash in the glow in the water!",https://www.foxnews.com/video/6336191771112,https://a57.foxnews.com/cf-images.us-east-1.prod.boltdns.net/v1/static/694940094001/b938d610-ccde-4c1d-8078-3145e43b2172/75588859-ef85-4cd8-ba9f-a9e33db3fd88/1280x720/match/348/196/image.jpg?ve=1&tl=1
oceans,2023-08-30,US moves to block company from 2024 Titanic exploration mission,"Another company is planning an expedition to the Titanic, just months after a tragic OceanGate Expeditions trip to the wreckage killed five people.",/us/us-moves-block-company-2024-titanic-exploration-mission,https://a57.foxnews.com/static.foxnews.com/foxnews.com/content/uploads/2023/05/348/196/Titanic-Wrecked.jpg?ve=1&tl=1
oceans,2023-08-22,Sea turtles rescued and rehabilitated in Georgia,Fox News chief meteorologist Rich Reichmuth speaks with Georgia Sea Turtle Center Director Michelle Kaylor about the significance of rehabilitation of these animals,https://www.foxnews.com/video/6335232644112,https://a57.foxnews.com/cf-images.us-east-1.prod.boltdns.net/v1/static/694940094001/f1450b63-ccb1-497e-95f9-a1540f3f5ad7/aec822fe-daec-4a42-a057-02b438d84cb5/1280x720/match/348/196/image.jpg?ve=1&tl=1
oceans,2023-08-16,"Offshore drilling rig arrives off coast of Lebanon, will begin operating in coming weeks","A drilling rig arrived off Lebanon's coast on Aug. 16, 2023. The rig is set to begin operations in the coming weeks. The rig will drill near the country's border with Israel.",/world/offshore-drilling-rig-arrives-coast-lebanon-begin-operating-coming-weeks,https://a57.foxnews.com/static.foxnews.com/foxnews.com/content/uploads/2023/08/348/196/AP23228391014066.jpg?ve=1&tl=1
oceans,2023-08-16,China appears to be constructing airstrip on disputed South China Sea island that is also claimed by Taiwan,An airstrip appears to be being constructed by China on a disputed island in the South China Sea. The island is also claimed by Taiwan and Vietnam.,/world/china-appears-constructing-airstrip-disputed-south-china-sea-island-also-claimed-taiwan,https://a57.foxnews.com/static.foxnews.com/foxnews.com/content/uploads/2023/08/348/196/AP23228436268138.jpg?ve=1&tl=1
oceans,2023-08-13,Crazy futuristic underwater jetpack lets you fly in the water like an aquatic superhero,"Exploring the ocean is now as easy as it if fun with this new, lightweight underwater jetpack by CudaJet. Kurt ""CyberGuy"" Knutsson explains how it works.",/tech/crazy-futuristic-underwater-jetpack-lets-fly-water-aquatic-superhero,https://a57.foxnews.com/static.foxnews.com/foxnews.com/content/uploads/2023/08/348/196/1-Ready-to-become-a-seafaring-superhero-with-this-underwater-jetpack.jpg?ve=1&tl=1
oceans,2023-08-13,"Kurt ""CyberGuy"" Knutsson explains the CudaJet",CyberGuy shows a new underwater jetpack that is designed to make you feel like you are flying.,https://www.foxnews.com/video/6333394864112,https://a57.foxnews.com/cf-images.us-east-1.prod.boltdns.net/v1/static/694940094001/afd61704-084b-4b1f-8531-b9d2d1979e79/f221bfe4-133d-402b-b13d-bf681d74dd06/1280x720/match/348/196/image.jpg?ve=1&tl=1
oceans,2023-08-10,Tourist 'disgusted' by dirty discovery at beach oasis,"A U.S.-based business owner visiting Bali, Indonesia, said she was horrified by the amount of trash she found floating in the vacation destination's waters.",/world/tourist-disgusted-dirty-discovery-beach-oasis,https://a57.foxnews.com/static.foxnews.com/foxnews.com/content/uploads/2023/08/348/196/balitrash.png?ve=1&tl=1
oceans,2023-08-09,Sailor calls for help as orcas attack his boat,"Phep Philouceros, 77, was sailing off the coast of Cape Vincent, Portugal, when his boat was attacked by orcas. The sailor, who has 55 years of experience, said the orcas continued for 30 minutes — even following the boat as it was towed to shore.",https://www.foxnews.com/video/6332718778112,https://a57.foxnews.com/cf-images.us-east-1.prod.boltdns.net/v1/static/694940094001/72f80b23-67e1-4012-b7f5-32608af239d8/0df31103-c6d4-4398-89ed-9a11a73e080b/1280x720/match/348/196/image.jpg?ve=1&tl=1
climate change,2024-04-18,Scotland ditches green goals after climate watchdog says they are unattainable: report,The Scottish government is reevaluating their climate goals after they missed eight of the last 12 annual carbon emission goals.,/world/scotland-ditches-green-goals-after-climate-watchdog-says-they-unattainable-report,https://a57.foxnews.com/static.foxnews.com/foxnews.com/content/uploads/2024/04/348/196/C3.jpg?ve=1&tl=1
climate change,2024-04-16,"Coral reefs around the world are experiencing mass bleaching in warming oceans, scientists say","Coral reefs around the world are experiencing global bleaching for the fourth time due to prolonged warming of the oceans, according to reef scientists.",/science/coral-reefs-world-experiencing-mass-bleaching-warming-oceans-scientists-say,https://a57.foxnews.com/static.foxnews.com/foxnews.com/content/uploads/2024/04/348/196/Bleached-Coral.jpg?ve=1&tl=1
climate change,2024-04-14,"Jane Fonda decries inaction on climate, apologizes to the young: ‘Sorry that we’ve created this issue for you’","Actress Jane Fonda headlined several events for climate change awareness in California this week, one of which was a fundraiser to protect a California law to curb oil drilling.",/media/jane-fonda-decries-inaction-climate-apologizes-young-sorry-weve-created-issue-you,https://a57.foxnews.com/static.foxnews.com/foxnews.com/content/uploads/2023/05/348/196/GettyImages-1493833129.jpg?ve=1&tl=1
climate change,2024-04-12,African drone company uses AI to give vital help to US fruit and nut farmers,"A South African startup is using AI software, drones and mobile phones to combat climate change by analyzing fruit and nut crops for U.S. farmers and growers in 18 other countries.",/world/african-drone-company-uses-ai-give-vital-help-us-fruit-nut-farmers,https://a57.foxnews.com/static.foxnews.com/foxnews.com/content/uploads/2024/04/348/196/Farm-Drone-Photo-1.jpg?ve=1&tl=1
climate change,2024-04-11,California's stifling environmental policies harming Latino workers as White middle class flees state: study,"A new study shows that California's pivotal players in the ""carbon economy"" – Latinos – are stifled by the state's progressive climate policies, affecting industries like agriculture, construction, manufacturing, trucking and manufacturing.",/politics/californias-stifling-environmental-policies-harming-latino-workers-white-middle-class-flees-study,https://a57.foxnews.com/static.foxnews.com/foxnews.com/content/uploads/2024/04/348/196/California-Turbines.jpg?ve=1&tl=1
climate change,2024-04-06,"U.S. Senate candidate goes viral for blaming NY earthquake on climate change, deletes post","Christina Amira Khalil, a U.S. Senate candidate for New Jersey, attracted serious ridicule on X for posting that the recent New York earthquake was caused by climate change.",/media/u-s-senate-candidate-viral-blaming-ny-earthquake-climate-change-deletes-post,https://a57.foxnews.com/static.foxnews.com/foxnews.com/content/uploads/2024/04/348/196/earthquake-split.png?ve=1&tl=1
climate change,2024-04-05,"Backlash against wind and solar projects is real, it’s global and it’s growing","From rural England to the Osage Nation in Oklahoma, local communities are telling alt-energy developers to take their projects and put them where the sun doesn’t shine.",/opinion/backlash-against-wind-solar-projects-real-global-growing,https://a57.foxnews.com/static.foxnews.com/foxnews.com/content/uploads/2018/09/348/196/17d72971-wind_farm_photo.jpg?ve=1&tl=1
climate change,2024-04-02,Vermont legislature advancing bill to require fossil fuel companies to cover damages following extreme weather,The Vermont Legislature is advancing legislation to require fossil fuel companies to pay for damages following a catastrophic summer flood and damage from other weather-related events.,/us/vermont-legislature-advancing-bill-to-require-fossil-fuel-companies-to-cover-damages-following-extreme-weather,https://a57.foxnews.com/static.foxnews.com/foxnews.com/content/uploads/2024/04/348/196/vermont-flood.jpg?ve=1&tl=1
climate change,2024-04-02,Washington polar bear cub Laerke receives encouraging results at annual physical exam,"Laerke, a polar bear at Point Defiance Zoo & Aquarium in Tacoma, Washington, underwent her annual medical exam with encouraging results, veterinarians said.",/us/washington-polar-bear-cub-laerke-receives-encouraging-results-annual-physical-exam,https://a57.foxnews.com/static.foxnews.com/foxnews.com/content/uploads/2024/04/348/196/Polar-Bear.jpg?ve=1&tl=1
climate change,2024-04-01,GOP state AGs press Supreme Court to take up Hawaii climate change case they say is 'grave threat',"Twenty Republican state attorneys general are asking the Supreme Court to intervene in a climate change case they say could have ""grave"" consequences for American energy production.",/politics/gop-state-ags-press-supreme-court-take-up-hawaii-climate-change-case-they-say-grave-threat,https://a57.foxnews.com/static.foxnews.com/foxnews.com/content/uploads/2024/04/348/196/supreme-court-Steve-Marshall.jpg?ve=1&tl=1
climate change,2024-03-30,Video of Guyana’s president snapping back at BBC reporter’s climate quiz goes viral: ‘Let me stop you’,"In a viral video, Guyana's president Mohamed Irfaan Ali blasted a BBC reporter for suggesting that his country would be majorly contributing to climate change by drilling for oil.",/media/video-guyanas-president-snapping-back-bbc-reporters-climate-quiz-goes-viral-let-me-stop-you,https://a57.foxnews.com/static.foxnews.com/foxnews.com/content/uploads/2023/09/348/196/AP23263587429546.jpg?ve=1&tl=1
climate change,2024-03-30,"Hawaii’s Big Oil suit a 'stalking horse’ for Green New Deal push nationwide, experts say","Consumer and legal experts say Hawaii's ""hyper-ideological"" Supreme Court is threatening to dictate climate policy for the United States.",/politics/hawaiis-big-oil-suit-stalking-horse-green-new-deal-push-nationwide-experts-say,https://a57.foxnews.com/static.foxnews.com/foxnews.com/content/uploads/2023/11/348/196/Stop-Climate-Change-.jpg?ve=1&tl=1
climate change,2024-03-28,Jane Goodall to celebrate 90th birthday with talks on urgency of environmental action,"Dr. Jane Goodall, a renowned British primatologist and conservationist, is approaching her 90th birthday and plans to celebrate with a series of environmental talks.",/us/jane-goodall-celebrate-90th-birthday-talks-urgency-environmental-action,https://a57.foxnews.com/static.foxnews.com/foxnews.com/content/uploads/2024/03/348/196/Jane-Goodall.jpg?ve=1&tl=1
climate change,2024-03-26,Berkeley abandons landmark natural gas ban after court battle,"The City of Berkeley, California, has entered into a legal settlement with a restaurant industry group, agreeing to repeal its law banning natural gas in new construction.",/politics/berkeley-california-abandons-climate-action-banning-gas-buildings,https://a57.foxnews.com/static.foxnews.com/foxnews.com/content/uploads/2023/06/348/196/AP23165004487604.jpg?ve=1&tl=1
climate change,2024-03-26,Multiple obstacles impede the UN's goal to triple renewable energy by 2030,"Solar, wind and other renewable energy projects face big hurdles as governments across the globe plan to triple their renewable energy goals by 2030.",/world/multiple-obstacles-impede-uns-goal-triple-renewable-energy-2030,https://a57.foxnews.com/static.foxbusiness.com/foxbusiness.com/content/uploads/2024/03/348/196/windfarm-in-germany.jpg?ve=1&tl=1
climate change,2024-03-23,Trudeau's bungled wildfire response made Canada most polluted country on continent: critics,"A new air quality report found that Canada had the most polluted air of any North American country in 2023, as critics say the Trudeau government's scattered response to the disaster likely made matters worse.",/world/trudeaus-bungled-wildfire-response-made-canada-most-polluted-country-continent-critics,https://a57.foxnews.com/static.foxnews.com/foxnews.com/content/uploads/2024/03/348/196/Trudeau-forest-fire.jpg?ve=1&tl=1
climate change,2024-03-22,Climate cafés open worldwide to help 'ease the anxiety' of global 'crisis',"The New York Times reported about how ""climate cafés"" are becoming a new trend in the U.S. and worldwide to help people's climate change-related mental health problems.",/media/climate-cafes-open-worldwide-help-ease-anxiety-global-crisis,https://a57.foxnews.com/static.foxnews.com/foxnews.com/content/uploads/2024/03/348/196/COFFEE-CUP-CLIMATE-CHANGE-SIGN.jpg?ve=1&tl=1
climate change,2024-03-21,AOC resurrects ‘Green New Deal’ moniker for public housing bill,"Rep. Alexandria Ocasio-Cortez is introducing a public housing bill and resurrecting her ""Green New Deal"" term on Thursday.",/politics/aoc-resurrects-green-new-deal-moniker-public-housing-bill,https://a57.foxnews.com/static.foxnews.com/foxnews.com/content/uploads/2023/04/348/196/AOC.jpg?ve=1&tl=1
climate change,2024-03-20,Conservative artist handcuffed during pizza-tossing protest outside New York City Hall,Conservative artist and activist Scott LoBaido was taken into custody Wednesday for hurling pizza slices onto the grounds of New York City Hall to protest the mayor's new emissions rules,/politics/conservative-artist-handcuffed-pizza-tossing-protest-new-york-city-hall,https://a57.foxnews.com/static.foxnews.com/foxnews.com/content/uploads/2024/03/348/196/Scott-LoBaido-protest.jpg?ve=1&tl=1
climate change,2024-03-20,"UCLA medical school trains future doctors to be climate activists, leaked docs show","UCLA medical school course reportedly assigned students readings that pushed far-left views, including protesting fossil fuels and abolishing prisons and the police.",/media/ucla-medical-school-trains-future-doctors-climate-activists-leaked-docs-show,https://a57.foxnews.com/static.foxnews.com/foxnews.com/content/uploads/2024/03/348/196/donoharmsplit.png?ve=1&tl=1
climate change,2024-03-20,UN secretary-general youth climate adviser calls for Whites to be stripped of power in 'revolutionary fights',"United Nations youth climate adviser to Secretary-General António Guterres, Ayisha Siddiqa, was found to rail against capitalism and White people on X.",/media/un-secretary-generals-climate-adviser-calls-white-stripped-power-revolutionary-fights,https://a57.foxnews.com/static.foxnews.com/foxnews.com/content/uploads/2024/03/348/196/United-Nations-thumb-siddiqa.png?ve=1&tl=1
climate change,2024-03-18,China pledges deeper trade and economic ties with New Zealand,"Chinese Foreign Minister Wang Yi visited New Zealand on Monday, voicing his readiness to enhance trade and economic ties with the Pacific island nation.",/world/china-pledges-deeper-trade-economic-ties-new-zealand,https://a57.foxnews.com/static.foxnews.com/foxnews.com/content/uploads/2024/03/348/196/New-Zealand-China.jpg?ve=1&tl=1
climate change,2024-03-11,"Greta Thunberg, other climate activists block Swedish parliament entrance in protest","Climate activists, including Greta Thunberg, staged a protest outside the Swedish parliament, demanding significant reforms to address climate concerns.",/world/greta-thunberg-climate-activists-block-swedish-parliament-entrance-protest,https://a57.foxnews.com/static.foxnews.com/foxnews.com/content/uploads/2024/03/348/196/Greta-Thunberg.jpg?ve=1&tl=1
climate change,2024-03-07,Morocco begins closing famous public baths 3 days a week in effort to conserve water during drought,"In Morocco, severe droughts and water scarcity due to climate change have led authorities to mandate three-day closures of the country's famous public baths.",/world/morocco-begins-closing-famous-public-baths-3-days-week-effort-conserve-water-drought,https://a57.foxnews.com/static.foxnews.com/foxnews.com/content/uploads/2024/03/348/196/Morocco-Baths.jpg?ve=1&tl=1
climate change,2024-03-07,John Kerry torched for claiming people would 'feel better' about Ukraine war if Russia reduced emissions,John Kerry suggested that Russia could better its public image by cutting emissions as he stepped down from his position as U.S. special envoy for climate.,/media/john-kerry-torched-claiming-people-feel-better-ukraine-war-russia-reduced-emissions,https://a57.foxnews.com/static.foxnews.com/foxnews.com/content/uploads/2024/03/348/196/John-Kerry-claims-that-people-would-feel-better-about-the-war-in-Ukraine-if-Russia-would-make-a-greater-effort-to-reduce-emissions.jpg?ve=1&tl=1
climate change,2024-03-06,John Kerry claims that people would 'feel better' about the war in Ukraine if Russia would 'make a greater effort to reduce emissions',"U.S. Special Presidential Envoy for Climate John Kerry discusses the Russian-Ukraine war at the foreign press briefing on March 5 in Washington, D.C.",https://www.foxnews.com/video/6348357200112,https://a57.foxnews.com/cf-images.us-east-1.prod.boltdns.net/v1/static/694940094001/b61784b2-578c-4b0a-b45c-b2bc497c61f2/446951f3-375e-4b2f-89a4-ed8707fa5346/1280x720/match/348/196/image.jpg?ve=1&tl=1
climate change,2024-03-01,Climate activists hit with felony charges for defacing US Constitution's display case,Two climate change protesters have been hit with felony charges after committing an act of vandalism that included spewing red powder on the display case holding the U.S. Constitution.,/politics/climate-activists-hit-with-felony-charges-for-defacing-us-constitutions-display-case,https://a57.foxnews.com/static.foxnews.com/foxnews.com/content/uploads/2024/02/348/196/Protest-2024-02-16-135719.png?ve=1&tl=1
climate change,2024-02-29,UN delegates table proposal to 'reflect sun's rays back into space' as opponents cite health risks,The United Nations Environment Assembly decided not to add more research into solar radiation modification that sends the sun's rays back into space to combat climate change.,/world/un-delegates-table-proposal-reflect-suns-rays-back-space-opponents-cite-health-risks,https://a57.foxnews.com/static.foxnews.com/foxnews.com/content/uploads/2024/02/348/196/sun-rays.jpg?ve=1&tl=1
climate change,2024-02-27,Study shows 2023 had high Atlantic ocean heat and low Antarctic sea ice,"Two major climate indicators, North Atlantic ocean temperature and Antarctic sea ice levels, both point to 2023 has a harbinger of what is to come in future decades according to a new study.",/world/study-2023-high-atlantic-ocean-heat-low-antarctic-sea-ice,https://a57.foxnews.com/static.foxnews.com/foxnews.com/content/uploads/2024/02/348/196/AP24058514311463.jpg?ve=1&tl=1
climate change,2024-02-26,UN states meet in Kenya to shape global environmental policy in the face of looming crises,"The sixth meeting of the U.N. Environment Assembly has begun in Nairobi, Kenya, where leaders meet to discuss how to tackle the world's environmental crises.",/world/un-states-meet-kenya-shape-global-environmental-policy-face-looming-crises,https://a57.foxnews.com/static.foxnews.com/foxnews.com/content/uploads/2024/02/348/196/United-Nations-Environment-Assembly.jpg?ve=1&tl=1
climate change,2024-02-26,Germany moves forward with plan to enable use of underground carbon storage technology,"Germany's vice chancellor, Robert Habeck, has announced plans to facilitate underground carbon storage at offshore sites in an effort to address climate change.",/world/germany-moves-forward-plan-enable-use-underground-carbon-storage-technology,https://a57.foxnews.com/static.foxnews.com/foxnews.com/content/uploads/2024/02/348/196/Robert-Habeck.jpg?ve=1&tl=1
climate change,2024-02-24,AOC heckled in fiery town hall: 'All you care about is illegal aliens',Socialist lawmaker Alexandria Ocasio-Cortez was heckled at a town hall Thursday and accused of caring more about illegal immigrants than those whom she was elected to represent.,/politics/aoc-heckled-fiery-town-hall-illegal-aliens,https://a57.foxnews.com/static.foxnews.com/foxnews.com/content/uploads/2024/02/348/196/AOC-heckled-in-town-hall-all-you-care-about-is-illegal-aliens-1.jpg?ve=1&tl=1
climate change,2024-02-21,Lawyer of student tracking Taylor Swift's jet says client won't 'buckle' after star orders him to stop,The lawyer for the student tracking Taylor Swift's private jet defended his client's actions on “Good Morning America” following a cease-and-desist letter from the singer's legal team.,/media/lawyer-student-tracking-taylor-swifts-jet-says-client-wont-buckle-star-orders-him-stop,https://a57.foxnews.com/static.foxnews.com/foxnews.com/content/uploads/2024/02/348/196/Taylor-SwiftPrivate-Jet.png?ve=1&tl=1
climate change,2024-02-19,Young environmentalists bash 'out of touch' Biden campaign as concern over Trump 2024 victory grows,"Young climate activists are criticizing the Biden campaign ahead of the 2024 presidential election, raising concerns about throwing the race to former President Trump.",/media/young-environmentalists-bash-out-of-touch-biden-campaign-concern-trump-2024-victory-grows,https://a57.foxnews.com/static.foxnews.com/foxnews.com/content/uploads/2024/02/348/196/Climate-activists_Biden.png?ve=1&tl=1
climate change,2024-02-19,Woke left will erase American history unless we stop them,American history is under threat. It's not just statues anymore. It's everything from the Founding Fathers to the Constitution. The woke left will erase them all ... if we let them.,/opinion/woke-left-will-erase-american-history-unless-stop-them,https://a57.foxnews.com/static.foxnews.com/foxnews.com/content/uploads/2024/02/348/196/Protest-2024-02-16-135719.png?ve=1&tl=1
climate change,2024-02-14,PHOTOS: Prince Harry seen stepping off private plane in Canada despite rhetoric about climate change,Photos showed Prince Harry stepping off a private jet in Vancouver on Wednesday for the Invictus Games one-year countdown despite history of climate activism.,/media/photos-prince-harry-seen-stepping-off-private-plane-canada-rhetoric-climate-change,https://a57.foxnews.com/static.foxnews.com/foxnews.com/content/uploads/2024/02/348/196/Prince-Harry-Meghan-Markle-Private-Jet_03.jpg?ve=1&tl=1
climate change,2024-02-14,Climate activists in Italy cover Botticelli's 'Birth of Venus' with pictures of flood damage,"Italian authorities took two activists in for questioning after they covered Botticelli's ""The Birth of Venus"" with images showing flood damage.",/world/climate-activists-italy-cover-botticellis-birth-venus-pictures-flood-damage,https://a57.foxnews.com/static.foxnews.com/foxnews.com/content/uploads/2024/02/348/196/climate-activists-italy3.jpg?ve=1&tl=1
climate change,2024-02-14,"UN chief urges security council to address the global impact of food shortages, climate change",The United Nations chief is warning that food crises and climate change are increasing threats to global peace and is urging the U.N. Security Council to address their impact.,/world/un-chief-urges-security-council-address-global-impact-food-shortages-climate-change,https://a57.foxnews.com/static.foxnews.com/foxnews.com/content/uploads/2024/02/348/196/Antonio-Guterres.jpg?ve=1&tl=1
climate change,2024-02-08,"Farmers in Italy warn weather is destroying crops, help organize European protests","Italy's farming lobby is demanding action because they say warm weather is destroying their crops and is threatening cereal, legume and vegetable production.",/world/farmers-italy-warn-weather-destroying-crops-help-organize-european-protests,https://a57.foxnews.com/static.foxnews.com/foxnews.com/content/uploads/2024/02/348/196/italy-crops-corn.jpg?ve=1&tl=1
climate change,2024-02-06,5 reasons why I gave up on 'green' policies,The green environmental movement has increasingly ignored common people’s real experiences in favor of an ever-narrowing and cult-like political agenda.,/opinion/5-reasons-why-i-gave-up-green-policies,https://a57.foxnews.com/static.foxnews.com/foxnews.com/content/uploads/2023/03/348/196/climate.jpg?ve=1&tl=1
climate change,2024-02-03,Throwing soup at Mona Lisa is legitimate 'in-your-face' strategy on climate change: Column,"An L.A. Times column published, Thursday, argued that climate change protestors throwing liquid at famous paintings is a beneficial and ""successful"" protest strategy.",/media/throwing-soup-mona-lisa-legitimate-your-face-strategy-climate-change-column,https://a57.foxnews.com/static.foxnews.com/foxnews.com/content/uploads/2024/01/348/196/mona-lisa-soup-2.jpg?ve=1&tl=1
climate change,2024-02-01,Climate activist Greta Thunberg goes on trial in London for blocking oil and gas conference,Swedish climate activist Greta Thunberg was defiant outside British court as she defended her actions protesting an oil and gas industry conference last year in London.,/world/climate-activist-greta-thunberg-trial-london-blocking-oil-gas-conference,https://a57.foxnews.com/static.foxnews.com/foxnews.com/content/uploads/2024/02/348/196/greta_thunberg.jpg?ve=1&tl=1
climate change,2024-01-31,President Biden to name John Podesta as top US climate diplomat to replace John Kerry,"John Podesta, now a senior adviser on clean energy and a veteran Democratic strategist, will take on a new title as senior adviser to the president for international climate policy.",/politics/president-biden-name-john-podesta-top-us-climate-diplomat-replace-john-kerry,https://a57.foxnews.com/static.foxnews.com/foxnews.com/content/uploads/2022/09/348/196/GettyImages-1145807509-e1662920729858.jpg?ve=1&tl=1
climate change,2024-01-29,Piers Morgan rips climate protesters hurling soup at Mona Lisa: 'Complete and utter imbeciles',Fox Nation host Piers Morgan joined 'Fox & Friends' to discuss his reaction to climate protesters defacing the Mona Lisa.,https://www.foxnews.com/video/6345818682112,https://a57.foxnews.com/cf-images.us-east-1.prod.boltdns.net/v1/static/694940094001/f65e8e60-e4d2-449e-9a07-0423aee99872/21fcd095-61fb-4e95-a0ea-0edac1c697c1/1280x720/match/348/196/image.jpg?ve=1&tl=1
climate change,2024-01-28,Activists throw soup at Mona Lisa in Louvre climate protest,Two climate activists hurled what museum employees called pumpkin soup at the protective glass around the Mona Lisa at the Louvre museum Sunday.,/world/activists-throw-soup-mona-lisa-louvre-climate-protest,https://a57.foxnews.com/static.foxnews.com/foxnews.com/content/uploads/2024/01/348/196/mona-lisa-soup-2.jpg?ve=1&tl=1
climate change,2024-01-27,Biden's halting of liquified natural gas projects  is 'utter nonsense': Marc Morano,Climatedepot.com Executive Director Marc Morano discusses the impact on American energy from the Biden administration's halt of liquified natural gas projects and reacts to Davos saying that drinking coffee causes climate change.,https://www.foxnews.com/video/6345709173112,https://a57.foxnews.com/cf-images.us-east-1.prod.boltdns.net/v1/static/694940094001/4998060f-cf51-445a-96d3-526e21a46a31/1c4791bb-4c40-4d6a-9c5a-9e7a1362d648/1280x720/match/348/196/image.jpg?ve=1&tl=1
climate change,2024-01-25,"UN appeals for $7.9 billion to help millions of migrants flee climate change, conflict",The United Nations has called on governments and the private sector to help raise $7.9 billion to migrate people around the world and come up with solutions to stop displacement.,/us/un-appeals-7-9-billion-help-millions-people-migrate-combat-climate-change,https://a57.foxnews.com/static.foxnews.com/foxnews.com/content/uploads/2023/12/348/196/caravana.jpg?ve=1&tl=1
climate change,2024-01-24,World Economic Forum elites blasted for talking about climate dangers posed by coffee: 'Hands off',Social media users slammed panelists at the World Economic Forum's Annual Meeting for talking about the impact of coffee production's impact on climate.,/media/world-economic-forum-elites-blasted-talking-climate-dangers-posed-coffee-hands-off,https://a57.foxnews.com/static.foxnews.com/foxnews.com/content/uploads/2024/01/348/196/WEF-coffee.png?ve=1&tl=1
climate change,2024-01-22,I had a job on the Keystone XL pipeline until Biden fired me to satisfy climate extremists,"Climate extremists didn't like the Keystone XL pipeline. So Biden canceled the project and cost 11,000 of us our jobs. Three years later, that decision is still harming our nation.",/opinion/job-keystone-xl-pipeline-until-biden-fired-satisfy-climate-extremists,https://a57.foxnews.com/static.foxnews.com/foxnews.com/content/uploads/2022/12/348/196/GettyImages-1230818037.jpg?ve=1&tl=1
climate change,2024-01-18,Reporter who confronted John Kerry over carbon footprint says he wouldn't answer 'the most basic question',"Reporter Avi Yemini called out climate czar John Kerry for being ""out of touch"" after a tense confrontation between the pair in Switzerland over his own carbon footprint.",/media/reporter-confronted-john-kerry-over-carbon-footprint-wouldnt-answer-most-basic-question,https://a57.foxnews.com/static.foxnews.com/foxnews.com/content/uploads/2024/01/348/196/AVI-YEMENI.jpg?ve=1&tl=1
climate change,2024-01-18,Reporter who confronted John Kerry on carbon footprint rips 'out of touch' leaders,"Avi Yemini, chief reporter for Rebel News, joins 'Fox & Friends First' to discuss the 'huge' carbon footprint of the Davos event each year and the hypocrisy of attendees who refuse to answer 'basic questions' on sustainability.",https://www.foxnews.com/video/6345111599112,https://a57.foxnews.com/cf-images.us-east-1.prod.boltdns.net/v1/static/694940094001/60c1ba16-9b56-4e3d-bda1-e2d95a33bb8b/3fab903b-3367-4446-b84d-5e4772b2c1ca/1280x720/match/348/196/image.jpg?ve=1&tl=1
climate change,2024-01-17,Irish climate minister greets Chinese premier who arrived on record-size plane at Dublin Airport,"Irish Minister for Transport, Climate, Environment and Communications Eamon Ryan greeted Chinese Premier Li Qiang, who arrived on the largest passenger aircraft ever to land at Dublin Airport.",/world/irish-climate-minister-greets-chinese-premier-who-arrived-record-size-plane-dublin-airport,https://a57.foxnews.com/static.foxnews.com/foxnews.com/content/uploads/2024/01/348/196/AP24016754023238.jpg?ve=1&tl=1
climate change,2024-01-17,John Kerry praises Biden for preventing 'uncontrolled war in many regions',"John Kerry told reporters on Wednesday that President Biden has prevented us from a ""complete breakout of uncontrolled war in many regions,"" at the World Economic Forum in Davos.",/media/john-kerry-praises-biden-preventing-uncontrolled-war-many-regions,https://a57.foxnews.com/static.foxnews.com/foxnews.com/content/uploads/2024/01/348/196/JOHN-KERRY-DAVOS-WORLD-ECONOMIC.jpg?ve=1&tl=1
climate change,2024-01-15,"Radical climate activist endorses blowing up pipelines in startling interview, admits people could be killed","Andreas Malm, author of ""How to Blow Up a Pipeline,"" explained that escalating climate activism could someday lead to inevitable accidents and deaths.",/media/radical-climate-activist-endorses-blowing-pipelines-startling-interview-admits-people-killed,https://a57.foxnews.com/static.foxnews.com/foxnews.com/content/uploads/2024/01/348/196/ANDREAS-MALM-CLIMATE-PROTEST.jpg?ve=1&tl=1
climate change,2024-01-15,Climate groups urge Speaker Johnson to fight back on Biden’s ‘Green New Deal agenda’,Climate change experts from conservative climate and energy groups are calling on Speaker Mike Johnson to crack down on President Biden's climate policies.,/politics/climate-groups-urge-speaker-johnson-fight-back-bidens-green-new-deal-agenda,https://a57.foxnews.com/static.foxnews.com/foxnews.com/content/uploads/2024/01/348/196/johnson-coal-power-plant-biden-split-image.jpg?ve=1&tl=1
climate change,2024-01-13,"World Economic Forum to kick off in Davos, Switzerland with global elites likely to face flak for private jets","At last year's World Economic Forum, business leaders and government officials were slammed for using private jets while discussing the climate crisis.",/world/world-economic-forum-kick-davos-switzerland-global-elites-likely-face-flak-private-jets,https://a57.foxnews.com/static.foxnews.com/foxnews.com/content/uploads/2024/01/348/196/w3.jpg?ve=1&tl=1
climate change,2024-01-11,"DeSantis slams Kerry, Obama, Biden on climate change during debate: 'Guys talk out of one side of their mouth'",Florida Gov. Ron DeSantis slammed Presidents Obama and Biden along with climate czar John Kerry arguing their climate change warnings don't match up with their lifestyles.,/politics/desantis-slams-kerry-obama-biden-climate-change-during-debate-guys-talk-out-of-one-side-of-their-mouth,https://a57.foxnews.com/static.foxnews.com/foxnews.com/content/uploads/2023/07/348/196/4094566c-Ron-DeSantis.jpg?ve=1&tl=1
climate change,2024-01-10,"Climate change threatens river basins worldwide as snowpack declines, study finds","A new study has found that river basins worldwide, which were once covered in snow, are experiencing declining snowpack due to the impact of climate change.",/us/climate-change-threatens-river-basins-worldwide-snowpack-declines-study-finds,https://a57.foxnews.com/static.foxnews.com/foxnews.com/content/uploads/2024/01/348/196/Colorado-River.jpg?ve=1&tl=1
climate change,2024-01-04,Green energy was 2023's biggest loser. Will Biden and progressives wake up in 2024?,"President Biden told Americans in 2023 that it would be a year that would usher in a 'transition' to renewable energy. Boy, was he wrong. Green energy was a big, fat loser in 2023.",/opinion/green-energy-2023s-biggest-loser-biden-progressives-wake-up-2024,https://a57.foxnews.com/static.foxnews.com/foxnews.com/content/uploads/2023/04/348/196/Biden-wind.jpeg?ve=1&tl=1
climate change,2023-12-30,"Expert shares the year’s worst climate hypocrites, from King Charles to John Kerry",‘Climate Depot’ publisher Marc Morano ranks the worst climate hypocrites of 2023 on ‘Fox & Friends Weekend.’,https://www.foxnews.com/video/6344057944112,https://a57.foxnews.com/cf-images.us-east-1.prod.boltdns.net/v1/static/694940094001/2fb63d30-3679-4553-a0fc-0dc8893894a9/c8c7b561-7417-497c-8101-a0fdfe98c88a/1280x720/match/348/196/image.jpg?ve=1&tl=1
climate change,2023-12-29,"New Year's Eve beverage could go extinct due to climate change, AI company predicts",ClimateAI VP of Operations and Strategy Will Kletter says AI-driven data is forecasting that a changing climate could shape the future of champagne and wine.,/lifestyle/new-years-eve-beverage-could-extinct-climate-change-ai-company-predicts,https://a57.foxnews.com/static.foxnews.com/foxnews.com/content/uploads/2023/11/348/196/iStock-1195253750.jpg?ve=1&tl=1
climate change,2023-12-28,Pacific Northwest sees increased popularity in 'assisted migration' as tree species face decline,"The Pacific Northwest is facing challenges as native trees are affected by climate change. In response, the U.S. Forest Service is exploring ""assisted migration"" to help.",/us/pacific-northwest-sees-increased-popularity-assisted-migration-tree-species-face-decline,https://a57.foxnews.com/static.foxnews.com/foxnews.com/content/uploads/2023/12/348/196/Washington-State-Trees.jpg?ve=1&tl=1
climate change,2023-12-28,"Randi Weingarten, Greta Thunberg and the other 5 most-annoying people in the world","It’s been a year of special people – needy celebrities, a new king, dishonest and senile politicians (at the same time), and famous people who clutter up our social media feeds.",/opinion/randi-weingarten-greta-thunberg-other-5-most-annoying-people-world,https://a57.foxnews.com/static.foxnews.com/foxnews.com/content/uploads/2023/10/348/196/AP23290457183605.jpg?ve=1&tl=1
climate change,2023-12-22,"Biggest natural disasters of 2023: Earthquakes, snowstorms, fires and more","Floods, earthquakes, and deadly wildfires raged around the world in 2023. Here is a retrospective look at some of the deadliest disasters in the U.S. and across the world.",/weather/biggest-natural-disasters-2023-earthquakes-snowstorms-fires-more,https://a57.foxnews.com/static.foxnews.com/foxnews.com/content/uploads/2023/09/348/196/AP23255573235507.jpg?ve=1&tl=1
climate change,2023-12-19,At least 100 elephants die in one of Africa's largest national parks due to drought,Drought has led to the death of at least 100 elephants in Zimbabwe's Hwange National Park. Authorities warn of a potential crisis as forecasts predict further scarcity of rain.,/world/100-elephants-die-africas-largest-national-parks-drought,https://a57.foxnews.com/static.foxnews.com/foxnews.com/content/uploads/2023/12/348/196/Africa-Elephants.jpg?ve=1&tl=1
climate change,2023-12-13,'COMMAND AND CONTROL': Nations at COP28 agree to transition from fossil fuels,Climate Depot executive editor Marc Morano calls the United Nations' climate push 'absolute virtue-signaling' on 'The Ingraham Angle.',https://www.foxnews.com/video/6343043225112,https://a57.foxnews.com/cf-images.us-east-1.prod.boltdns.net/v1/static/694940094001/ff44c32a-bdfe-427e-8187-ad71b7831cf9/f53a9cd8-1128-492c-b336-1c498f174563/1280x720/match/348/196/image.jpg?ve=1&tl=1
climate change,2023-12-05,Trump blasts Kerry's climate activism for 'destroying our country' in Iowa town hall: 'He has to be stopped',"Former President Donald Trump told a town hall on Tuesday that John Kerry's climate policies ""has to be stopped"" and that he is ""destroying the country.""",/politics/trump-blasts-kerrys-climate-activism-destroying-country-iowa-town-hall-must-stopped,https://a57.foxnews.com/static.foxnews.com/foxnews.com/content/uploads/2023/12/348/196/Trump-Kerry.jpg?ve=1&tl=1
climate change,2023-12-05,Nelson Mandela's granddaughter demands reparations from royal family for suffering under colonization,"Ndileka Mandela, granddaughter of former South African President Nelson Mandela, is demanding reparations from the British government for years of colonization.",/world/nelson-mandelas-granddaughter-demands-reparations-royal-family-suffering-under-colonization,https://a57.foxnews.com/static.foxnews.com/foxnews.com/content/uploads/2023/12/348/196/Untitled-2-Recovered.png?ve=1&tl=1
climate change,2023-12-05,COP28 climate conference is not just the Super Bowl of virtue signaling. It's doing real damage,The United Nations COP28 climate talks are underway in Abu Dhabi and once again the Biden White House is agreeing to unrealistic climate goals that threaten Americans.,/opinion/cop28-climate-conference-just-super-bowl-virtue-signaling-real-damage,https://a57.foxnews.com/static.foxnews.com/foxnews.com/content/uploads/2023/12/348/196/john-kerry-getty.jpg?ve=1&tl=1
climate change,2023-12-03,'Climate change is also a religious problem': Pope Francis says religious leaders responsible for planet,"During the COP-28 summit in Dubai, Pope Francis stressed the importance of climate change being religious leaders responsibility.",/world/climate-change-religious-problem-pope-francis-says-religious-leaders-responsible-planet,https://a57.foxnews.com/static.foxnews.com/foxnews.com/content/uploads/2023/01/348/196/POPE.jpg?ve=1&tl=1
climate change,2023-12-02,King Charles: Pay $5 trillion annually to prevent climate catastrophe,King Charles III has called for $5 trillion to be spend every year on climate change prevention and initiatives.,/politics/king-charles-pay-trillion-annually-prevent-climate-catastrophe,https://a57.foxnews.com/static.foxnews.com/foxnews.com/content/uploads/2023/12/348/196/King-Charles-at-COP28.jpg?ve=1&tl=1
climate change,2023-12-02,US commits to shutting down its coal plants during COP28,The United States has committed to building no new coal plants and phasing out existing plants as part of its plan to tackle climate change,/world/us-commits-shutting-down-coal-plants-cop28,https://a57.foxnews.com/static.foxnews.com/foxnews.com/content/uploads/2023/12/348/196/john-kerry-getty.jpg?ve=1&tl=1
climate change,2023-12-01,Newt Gingrich roasts John Kerry's climate conference trip: 'Deeply committed to taking your money',"Former House Speaker Newt Gingrich reacts to John Kerry's trip to the COP28 climate conference in Dubai, calling it a ""ripoff"" of workers across the world.",/media/newt-gingrich-roasts-john-kerry-climate-conference-trip-deeply-committed-taking-money,https://a57.foxnews.com/static.foxnews.com/foxnews.com/content/uploads/2021/02/348/196/newt_gingrich_john_kerry_fox_ap.jpg?ve=1&tl=1
climate change,2023-11-30,DeSantis confronts Newsom on energy: 'Government dictated green energy policies',"Gov. Ron DeSantis, R-Fla., and Gov. Gavin Newsom, D-Calif., debate on energy policies in each of their states on 'Hannity.'",https://www.foxnews.com/video/6342132899112,//static.foxnews.com/static/orion/styles/img/fox-news/bg/default.png
climate change,2023-11-30,Newt Gingrich: How could they have been so stupid for so long,Former Speaker of the House Newt Gingrich reacts to the latest climate push as the annual United Nations COP28 kicks off on 'The Ingraham Angle.',https://www.foxnews.com/video/6342126649112,https://a57.foxnews.com/cf-images.us-east-1.prod.boltdns.net/v1/static/694940094001/6195f99e-98f5-43e2-801d-e04f0fea1471/f4ce94a6-2a05-4218-9689-bfa416c6dc5e/1280x720/match/348/196/image.jpg?ve=1&tl=1
climate change,2023-11-30,GOP senator roasts John Kerry for jetting off to another climate conference,A Republican senator is roasting President Biden's climate czar John Kerry for jetting off to another U.N. conference where he is expected to again advocate for green energy.,/politics/gop-senator-roasts-john-kerry-jetting-off-another-climate-conference,https://a57.foxnews.com/static.foxnews.com/foxnews.com/content/uploads/2023/07/348/196/Jet-Kerry.jpg?ve=1&tl=1
climate change,2023-11-28,Ramaswamy swipes 'GOP establishment' in Iowa for supporting CO2 pipelines as part of climate ‘hoax’,"GOP hopeful Vivek Ramaswamy is speaking out against the CO2 pipeline he says negatively impacts Iowa farmers, taking a swipe at Iowa Gov. Kim Reynolds for supporting it.",/politics/ramaswamy-swipes-gop-establishment-iowa-supporting-co2-pipelines-climate-hoax,https://a57.foxnews.com/static.foxnews.com/foxnews.com/content/uploads/2023/11/348/196/RamaswamyReynolds.jpg?ve=1&tl=1
climate change,2023-11-28,"Texas oyster harvests plunge again as climate change and overharvesting threaten industry, officials say",Texas has closed the majority of its public oyster reefs for the second consecutive year due to declining populations caused by climate change and overharvesting.,/us/texas-oyster-harvests-plunge-again-climate-change-overharvesting-threaten-industry,https://static.foxnews.com/foxnews.com/content/uploads/2023/11/Texas-Oyster-Harvest.gif
climate change,2023-11-26,Pope Francis reveals lung inflammation ahead of Dubai climate conference trip,"Pope Francis is set to be heading to Dubai for a climate conference this week, despite suffering from lung inflammation. The pontiff received a CT scan Saturday.",/us/pope-francis-reveals-lung-inflammation-ahead-of-dubai-climate-conference-trip,https://a57.foxnews.com/static.foxnews.com/foxnews.com/content/uploads/2023/11/348/196/Vatican-Pope-Flu-Photo-1.jpg?ve=1&tl=1
climate change,2023-11-25,World's biggest iceberg starts moving for first time in decades — and it could cause some serious problems,"The world’s largest iceberg, which has moved for the first time in 30 years, could drift toward South Georgia Island and end up caught in a vital pass that animals use to access food during breeding season to feed their newborns.",/science/worlds-biggest-iceberg-starts-moving-decades-cause-serious-problems,https://a57.foxnews.com/static.foxnews.com/foxnews.com/content/uploads/2023/11/348/196/2023-11-24T101511Z_1379947536_RC2MJ4A5FJXP_RTRMADP_3_ANTARCTICA-ICEBERG.jpg?ve=1&tl=1
climate change,2023-11-23,UN Secretary-General visits Antarctica as climate talks loom,United Nations Secretary-General António Guterres arrived in Antarctica on Thursday ahead of international climate talks at the COP28 conference,/world/un-secretary-general-visits-antarctica-climate-talks-loom,https://a57.foxnews.com/static.foxnews.com/foxnews.com/content/uploads/2023/08/348/196/FOX-IMAGE-5-antarctica-peng-iceberg.jpg?ve=1&tl=1
climate change,2023-11-22,Climate activist disrupts ritzy EU conference with messy green goo vomit demonstration,"Climate activists disrupted a European Union conference on green energy, with one demonstrator taking to throwing up green goo near the stage in Brussels, Belgium.",/media/climate-activist-disrupts-ritzy-eu-conference-messy-green-goo-vomit-demonstration,https://a57.foxnews.com/static.foxnews.com/foxnews.com/content/uploads/2023/11/348/196/Green-goo-throw-up-demonstration.jpg?ve=1&tl=1
climate change,2023-11-21,Biden climate envoy Kerry to unveil 1st-ever global plan to commercialize nuclear fusion energy at UN summit,"U.S. Special Presidential Envoy for Climate John Kerry will announce a ""vision for international partnerships for an inclusive fusion energy future"" at COP28 in Dubai.",/world/biden-climate-envoy-kerry-unveil-first-ever-global-plan-commercialize-nuclear-fusion-energy-un-summit,https://a57.foxnews.com/static.foxnews.com/foxnews.com/content/uploads/2023/11/348/196/GettyImages-1797653673.jpg?ve=1&tl=1
climate change,2023-11-19,European country wants to charge 'green tax' on all flights to fund pensions: report,"A new Danish ""green tax"" proposal would charge airline passengers a fee based on how long their flight is, with the money going toward a transition to sustainable fuels.",/world/european-country-wants-charge-green-tax-all-flights-fund-pensions-report,https://a57.foxnews.com/static.foxnews.com/foxnews.com/content/uploads/2023/11/348/196/GettyImages-589719476.jpg?ve=1&tl=1
climate change,2023-11-17,Texas Education Board divided on how to address climate change in science textbooks,The Texas State Board of Education is set to vote on the approval of science textbooks and how they address climate change. The vote outcome will impact which books are used.,/us/texas-education-board-divided-how-address-climate-change-science-textbooks,https://static.foxnews.com/foxnews.com/content/uploads/2023/11/Houston-Floodwaters.gif
climate change,2023-11-16,"Droughts are causing die-offs of iconic red cedar in Pacific Northwest, scientists say","Red cedar trees in the Pacific Northwest, known as climate canaries, are facing die-offs due to climate change-induced drought, forest health specialists say.",/us/droughts-causing-die-offs-iconic-red-cedar-pacific-northwest-scientists-say,https://static.foxnews.com/foxnews.com/content/uploads/2023/11/Oregon-Department-of-Forestry.gif
climate change,2023-11-14,"Bill Gates buying up land, threatening small farms under guise of saving planet, author claims","Seamus Bruner's new book, ""Controligarchs,"" claims wealthy activists like Bill Gates are monopolizing America's food supply under the guise of saving the planet.",/us/bill-gates-buying-up-threatening-small-farms-guise-saving-planet-author-claims,https://a57.foxnews.com/static.foxnews.com/foxnews.com/content/uploads/2021/05/348/196/Bill-Gates-AP-2.jpg?ve=1&tl=1
climate change,2023-11-13,"Climate change hits beer industry, prompting farmers and researchers to adapt","Climate change is making an impact on the beer industry, as hops and barley growers in the U.S. experience challenges such as extreme heat and drought.",/us/climate-change-hits-beer-industry-prompting-farmers-researchers-adapt,https://static.foxnews.com/foxnews.com/content/uploads/2023/11/Portland-Oregon-Beer.gif
climate change,2023-11-12,Greta Thunberg interrupted at climate protest after changing the topic to the Israel-Hamas war,"Greta Thunberg allowed an Palestinian and Afghan woman to speak during a climate change protest in Amsterdam on Nov. 12, 2023, when a man interrupted the young activist.",/world/greta-thunberg-interrupted-climate-protest-changing-topic-israel-hamas-war,https://a57.foxnews.com/static.foxnews.com/foxnews.com/content/uploads/2023/11/348/196/Greta-Thunberg.jpg?ve=1&tl=1
climate change,2023-11-10,Jill Stein announces 2024 Green Party bid for president,"Jill Stein has announced a Green Party bid for the 2024 presidential election. Stein vowed to end the two-party rule, address climate change and advance a Green New Deal.",/politics/jill-stein-announces-2024-green-party-bid-president,https://a57.foxnews.com/static.foxnews.com/foxnews.com/content/uploads/2023/11/348/196/jill-stein-president.jpg?ve=1&tl=1
climate change,2023-11-09,American lawyer arrested for fatally shooting two environmental protesters at Panama road blockade: police,A retired American lawyer allegedly fatally shot two protesters in Panama on Tuesday after becoming enraged about a demonstration that had blocked a busy highway.,/world/american-lawyer-arrested-fatally-shooting-2-environmental-protesters-panama-road-blockade-police,https://a57.foxnews.com/static.foxnews.com/foxnews.com/content/uploads/2023/11/348/196/Kenneth-Darlington-Photo-1.jpg?ve=1&tl=1
climate change,2023-11-09,German police officer accused of painting climate activist's face with orange paint after slamming to ground,"Climate activists from the Letzte Generation defaced the Federal Chancellery in Berlin, Germany, with orange paint as police officers made 70 arrests.",/media/german-police-officer-accused-painting-climate-activists-face-orange-paint-slamming-ground,https://a57.foxnews.com/static.foxnews.com/foxnews.com/content/uploads/2023/11/348/196/Climare-protest-gets-face-painted.jpg?ve=1&tl=1
climate change,2023-11-08,"Fossil fuel interests have large, yet often murky, presence at climate talks, AP analysis finds","At last year's UN climate talks in Egypt, 400 individuals related to the fossil fuel industry were present, according to AP investigation.",/world/fossil-fuel-interests-large-often-murky-presence-climate-talks-ap-analysis-finds,https://static.foxnews.com/foxnews.com/content/uploads/2023/11/163b2f05-Climate-Summit.gif
climate change,2023-11-04,"Wash Post advice column from psychiatrist promotes psychedelics for solving 'eco-anxiety', 'climate grief'",A psychiatrist argued that psychedelics coupled with psychotherapy may offer the solution for patient suffering from anxiety about a climate catastrophe.,/media/wash-post-advice-column-psychiatrist-promotes-psychedelics-solving-eco-anxiety-climate-grief,https://a57.foxnews.com/static.foxnews.com/foxnews.com/content/uploads/2023/11/348/196/mushrooms-post.png?ve=1&tl=1
climate change,2023-10-25,"California's Newsom has surprise meeting in Beijing with China's Xi , gets torched for climate 'fearmongering'","Democratic California Gov. Gavin Newsom said his surprise meeting with Chinese leader Xi Jinping in Beijing focused on combatting climate change, fentanyl.",/politics/californias-newsom-surprise-meeting-beijing-chinas-xi-torched-climate-fearmongering,https://a57.foxnews.com/static.foxnews.com/foxnews.com/content/uploads/2023/10/348/196/AP23298383796971.jpg?ve=1&tl=1
climate change,2023-10-25,Sen Risch to introduce bill giving states power to stop 'unwanted' climate change projects on public land,"Sen. Jim Risch (R-Idaho) is introducing the Don't DO IT Act, opposing climate initiatives on public land if rejected by state legislatures.",/politics/sen-risch-introduce-bill-giving-states-power-stop-unwanted-climate-change-projects-public-land,https://a57.foxnews.com/static.foxnews.com/foxnews.com/content/uploads/2023/05/348/196/TURBINES.jpg?ve=1&tl=1
climate change,2023-10-18,The latest attempt to take away your gas-powered car,Another government agency has proposed a rule with lofty ambitions of increasing standards in passenger cars.,/opinion/latest-attempt-take-away-your-gas-powered-car,https://a57.foxnews.com/static.foxnews.com/foxnews.com/content/uploads/2023/10/348/196/Electric-vehicle.jpg?ve=1&tl=1
climate change,2023-10-09,Kirby confronted on recent Biden claim climate change 'the only existential threat' as Hamas bombs Israel,"After President Biden warned against climate change during his Vietnam visit, NSC spokesman John Kirby was questioned about the remark following Hamas' attacks on Israel.",/media/kirby-confronted-biden-claim-climate-change-only-existential-threat-hamas-bombs-israel,https://a57.foxnews.com/static.foxnews.com/foxnews.com/content/uploads/2023/05/348/196/Biden-Kirby.jpg?ve=1&tl=1
climate change,2023-10-07,Climate scientist claims he might be fired for refusing to return from research trip by plane,A climate researcher alleged that his employer is preparing to fire him for refusing to travel back to Germany from a research trip on a jet airliner.,/media/climate-scientist-says-may-be-fired-refusing-return-office-research-trip-plane,https://a57.foxnews.com/static.foxnews.com/foxnews.com/content/uploads/2023/10/348/196/Scientist-rebellion.png?ve=1&tl=1
climate change,2023-10-06,The big mistake in Pope Francis's new climate change scolding,"There is an essential problem at the heart of Pope Francis's recent Apostolic Exhortation, Laudate Deum.",/opinion/big-mistake-pope-francis-new-climate-change-scolding,https://a57.foxnews.com/cf-images.us-east-1.prod.boltdns.net/v1/static/694940094001/9f0a61f7-e87d-430c-bdf2-bc6b36ff6608/35fb46db-c47c-42cc-886f-9fc9d7393d16/1280x720/match/348/196/image.jpg?ve=1&tl=1
